model_id,architecture,batch_size,learning_rate,max_epochs,use_initial_bias,use_label_smoothing,use_weighted_loss,epochs_trained,train_loss,train_tp,train_fp,train_tn,train_fn,train_accuracy,train_precision,train_recall,train_prc,val_loss,val_tp,val_fp,val_tn,val_fn,val_accuracy,val_precision,val_recall,val_prc
0,"[16, 32, 64, 32, 16]",256,0.001,100,False,False,False,47,0.017507225275039673,62.0,32.0,10157.0,30.0,0.9939694404602051,0.6595744490623474,0.6739130616188049,0.7470454573631287,0.017488660290837288,27.0,50.0,5830.0,3.0,0.9910321235656738,0.350649356842041,0.8999999761581421,0.7452530860900879
1,"[16, 8, 4]",256,0.001,100,False,False,False,100,0.038766615092754364,37.0,5.0,10184.0,55.0,0.994163990020752,0.8809523582458496,0.4021739065647125,0.7422255873680115,0.031869955360889435,10.0,1.0,5879.0,20.0,0.9964467287063599,0.9090909361839294,0.3333333432674408,0.7395873069763184
2,"[64, 64, 32, 16, 4]",256,0.001,100,False,False,False,11,0.2590823173522949,0.0,0.0,10189.0,92.0,0.991051435470581,0.0,0.0,0.008948545902967453,0.2541689872741699,0.0,0.0,5880.0,30.0,0.9949238300323486,0.0,0.0,0.005069539416581392
3,"[16, 16, 16, 16, 16]",256,0.001,100,False,False,False,35,0.016603419557213783,53.0,18.0,10171.0,39.0,0.9944558143615723,0.7464788556098938,0.5760869383811951,0.734826922416687,0.011222472414374352,26.0,14.0,5866.0,4.0,0.9969543218612671,0.6499999761581421,0.8666666746139526,0.806254506111145
